resource,webpage,links,niceJSON
1635268063-592912,http://clarinetquintet.web.unc.edu,https://clarinetquintet.web.unc.edu/the-project/ https://clarinetquintet.web.unc.edu/the-entries/ https://clarinetquintet.web.unc.edu/the-quintets/,True
1635268063-581357,http://cylinders.library.ucsb.edu/homewax.php,http://www.library.ucsb.edu/special-collections https://www.loc.gov/programs/national-recording-preservation-board/recording-registry/registry-by-induction-years/2014/ http://www.library.ucsb.edu,True
1639161926-8205845,https://www.metal-archives.com/,https://www.metal-archives.com/content/help,True
1635268063-58968,http://content.lib.washington.edu/mmweb/,http://digitalcollections.lib.washington.edu/cdm/search/collection/mm http://lib.washington.edu https://uw.edu/online/terms,True
1635268063-584324,http://archives.nyphil.org/,https://nyphil.org/about-us/general-information/privacy-policy,True
1635268063-591713,http://sequentia.huma-num.fr,http://sequentia.huma-num.fr/mentions-legales/mentions-legales.html,True
1639299278-0244179,http://www.rolldabeats.com/,https://www.rolldabeats.com/forum/index.php?/contact/ https://www.rolldabeats.com/forum/index.php?/cookies/,True
1635268063-599964,http://hymnsandcarolsofchristmas.com/,http://hymnsandcarolsofchristmas.com/HTML/privacy_policy.htm http://hymnsandcarolsofchristmas.com/HTML/links.htm,True
1635268063-602125,https://simssa.ca/,https://github.com/DDMAL/Andrew-Hughes-Chant http://cantus.simssa.ca/ https://elvisproject.ca,True
1635268063-588784,http://webapp1.dlib.indiana.edu/inharmony/welcome.do,http://www.in.gov/ism/,True
1635268063-600266,http://www.musicatradicional.eu,http://www.musicatradicional.eu/contact,True
1635268063-583946,http://www.europeanasounds.eu/,http://www.europeana.eu/portal/en/collections/music https://pro.europeana.eu/project/europeana-sounds https://pro.europeana.eu/files/Europeana_Professional/Projects/Project_list/Europeana_Sounds/Deliverables/europeanasounds-d3.4-policy-recommendations.pdf,True
1635268063-587307,http://www.diamm.ac.uk/,http://www.diamm.ac.uk/about/copyright/ http://www.diamm.ac.uk/about/diamm-use/ http://www.diamm.ac.uk/about/contact-us/,True
1645534156-1895688,https://fourscoreandmore.org/musoRepo/,http://wiki.ccarh.org/wiki/Digital_Resources_for_Musicology http://www.ismir.net/resources.html https://sites.google.com/site/smtmig/,True
1635268063-591785,http://www.tudorpartbooks.ac.uk,http://www.ncl.ac.uk http://www.tudorpartbooks.ac.uk/newsevents/ http://www.tudorpartbooks.ac.uk/outputs/,True
1638953483-3177638,https://www.omroepmuziek.nl/en/over-de-som/,https://www.omroepmuziek.nl/en/disclaimer/ https://www.omroepmuziek.nl/en/privacybeleid-2/ https://www.omroepmuziek.nl/en/contact/,True
1635268063-587599,http://lcweb2.loc.gov/diglib/ihas/html/mendelssohn/mendelssohn-home.html,https://www.loc.gov/collections/felix-mendelssohn/about-this-collection/ https://www.loc.gov/collections/felix-mendelssohn/about-this-collection/related-resources/ https://www.loc.gov/collections/felix-mendelssohn/about-this-collection/rights-and-access/,True
1639161154-5540648,https://content.lib.washington.edu/wwrweb/,https://content.lib.washington.edu/ https://digitalcollections.lib.washington.edu/cdm4/results.php http://www.womenwhorockcommunity.org,True
1635268063-602893,http://www.verovio.org/index.xhtml,https://www.verovio.org/musicxml.html,True
1638798243-808912,https://hiphopradioarchive.org/,,True
1635268063-582248,http://dbtune.org/bbc/playcount/,http://esw.w3.org/topic/SweoIG/TaskForces/CommunityProjects/LinkingOpenData,True
1635268063-580315,http://www.cantataitaliana.it,http://www.cantataitaliana.it/privacy-policy https://www.facebook.com/cantataitaliana http://www.cantataitaliana.it/user/login,True
1635268063-600109,http://www.lifewayworship.com/,https://support.lifeway.com/app/answers/list/search/1/kw/LifeWay%25Worship/suggested/1,True
1641119206-6011822,http://dxarchive.com/index.html,http://dxarchive.com/contact.html,True
1635268063-597189,http://www.library.unt.edu/research,https://www.unt.edu/privacy https://policy.unt.edu/policy/14-005 https://www.unt.edu/required-links,True
1638798340-997409,https://abcnotation.com/ ,https://abcnotation.com/about#abc https://abcnotation.com/about#website https://abcnotation.com/privacy,True
1635268063-58447,http://www.beethoven-haus-bonn.de/sixcms/detail.php?template=startseite_digitales_archiv_en,http://www.beethoven-haus-bonn.de/en/library#terms-of-use,True
1635268063-589167,http://exhibitions.nypl.org/johncage/,http://exhibitions.nypl.org/johncage/node/263 http://exhibitions.nypl.org/johncage/node/247 http://exhibitions.nypl.org/johncage/node/246,True
1635268063-585877,http://www.charm.rhul.ac.uk/sound/sound.html,http://www.charm.rhul.ac.uk/about/about_copy.html,True
1635268063-579562,http://www.library.arizona.edu/about/libraries/hillcoll.html,https://new.library.arizona.edu/policies https://new.library.arizona.edu/accessibility http://new.library.arizona.edu/accounts/,True
1635268063-582898,http://www.tagtraum.com/msd_genre_datasets.html,http://www.tagtraum.com/msd_genre_datasets.html/download/schreiber_msdgenre_ismir2015.pdf http://www.tagtraum.com/msd_genre_datasets.html/download/schreiber_msdgenre_ismir2015.pdf#bib http://www.tagtraum.com/msd_genre_datasets.html/research.html,True
1635268063-580609,http://quod.lib.umich.edu/r/relics,https://quod.lib.umich.edu/r/relics/intro.html https://quod.lib.umich.edu/r/relics/stats.html https://quod.lib.umich.edu/r/relics/samples.html,True
1635268063-594207,http://cantusdatabase.org/,https://cantusindex.org/ https://www.creativecommons.org/licenses/by-nc-sa/4.0/,True
1635268063-580242,http://www.cesar.org.uk/cesar2/people/index.php,https://www.ovh.com/fr/support/mentions-legales/ https://www.ovhcloud.com/fr/support/documents_legaux/payment.xml https://www.ovhcloud.com/fr/about-us/,True
1639496386-0363798,https://webapp1.dlib.indiana.edu/inharmony/,,True
1643622487-2183828,https://www.proudmusiclibrary.com/,https://www.proudmusiclibrary.com/en/eula https://www.proudmusiclibrary.com/en/privacy https://www.proudmusiclibrary.com/en/contact,True
1635268063-590502,http://www.dlib.indiana.edu/variations/scores/,http://www.indiana.edu/copyright.html,True
1635268063-587889,http://www.bac-lac.gc.ca/eng/discover/films-videos-sound-recordings/sheet-music-collection/Pages/sheet-music-collection.aspx,,True
1645712351-8043017,https://fourscoreandmore.org/,https://fourscoreandmore.org/resources https://fourscoreandmore.org/participation https://fourscoreandmore.org/people,True
1635268063-600864,http://www2.bne.es/CANT_web/irBuscadorPentagrama.do?lang=es_ES,https://www.bne.es/es/aviso-legal https://www.bne.es/es/proteccion-datos https://www.bne.es/es/politica-cookies,True
1635268063-594499,https://www.reddit.com/r/MusicalTheatreScores/,https://reddit.com/en-us/policies/cookies https://reddit.com/en-us/policies/privacy-policy,True
1635268063-582977,http://www.schenkerdocumentsonline.org/,http://www.schenkerdocumentsonline.org/profiles/index.html http://www.schenkerdocumentsonline.org/profiles/index.html http://www.blog.schenkerdocumentsonline.org/ http://blog.schenkerdocumentsonline.org/ http://www.schenkerdocumentsonline.org/help/comment.html http://www.schenkerdocumentsonline.org/help/comment.html,True
1635268063-587671,https://www.loc.gov/collection/henry-reed-fiddle-tunes/about-this-collection/,https://www.loc.gov/collections/henry-reed-fiddle-tunes/about-this-collection/rights-and-access/ https://www.loc.gov/accessibility/ https://www.loc.gov/legal/,True
1646404151-5873914,https://kworb.net/,https://www.youtube.com/watch?v=J60IPPvLhWA https://kworb.net/privacy.html,True
1635268063-596881,http://www.songsofthevictorians.com/,http://www.songsofthevictorians.com/license http://www.songsofthevictorians.com/privacy http://www.songsofthevictorians.com/terms,True
1635268063-586261,http://www.loc.gov/collection/alfred-whital-stern-lincolniana/about-this-collection/,https://www.loc.gov/collections/alfred-whital-stern-lincolniana/about-this-collection/rights-and-access/,True
1645551129-2378705,http://algomus.fr/data/,http://algomus.fr/data https://gitlab.com/algomus.fr/algomus-data/tree/master/fugues https://gitlab.com/algomus.fr/algomus-data/tree/master/quartets/texture,True
1635268063-579855,http://memory.loc.gov/ammem/collections/moldenhauer/,https://www.loc.gov/collections/moldenhauer-archives/about-this-collection/related-resources/ https://www.loc.gov/collections/moldenhauer-archives/about-this-collection/rights-and-access/ http://findingaids.loc.gov/db/search/xq/searchMfer02.xq?_id=loc.music.eadmus.mu003012&_faSection=overview&_faSubsection=did&_dmdid=,True
1639385765-5944748,https://artsongcentral.com/,https://artsongcentral.com/song-index/ https://artsongcentral.com/source-index/ https://artsongcentral.com/songs-and-sources/,True
1635268063-588274,http://www.sjsu.edu/beethoven/,http://www.sjsu.edu/privacy/index.html http://www.sjsu.edu/titleix/ http://www.sjsu.edu/siteindex/,True
1635268063-594725,http://www.discotheka.com/home/index?locale=en,,True
1635268063-579336,http://www.ccarh.org/,http://www.ccarh.org/software/dmuseviewer http://www.ccarh.org/software/musedata/ http://www.ccarh.org/privacy-policy,True
1635268063-598463,http://www.transforming-musicology.org/,https://transforming-musicology.org/ https://www.themercurialmagpie.com/ https://plowns.com/,True
1638956003-2813141,https://www.ripm.org/?page=ROAoverview,https://preservation.ripm.org https://ripmjazz.org https://preservation.ripm.org,True
1635268063-583284,http://chopin.lib.uchicago.edu,https://www.lib.uchicago.edu/e/spcl/chopin.html http://chopin.lib.uchicago.edu/chopin-catalog http://chopin.lib.uchicago.edu/copyres.html,True
1635268063-598767,http://musedata.org/,https://wiki.ccarh.org https://wiki.ccarh.org https://www.packhum.org https://www.packhum.org,True
1638949164-9532564,https://ricercar.gesualdo-online.cesr.univ-tours.fr/,https://ricercar.gesualdo-online.cesr.univ-tours.fr/privacy https://ricercar.gesualdo-online.cesr.univ-tours.fr/cgu,True
1635268063-58811,http://en.scorser.com/D/Sheet+music.html,http://en.scorser.com/D/Lyrics.html,True
1635268063-580009,http://www.vifamusik.de/home.html?L=1,,True
1635268063-581503,https://library.stanford.edu/music/digital-scores,,True
1635268063-590653,http://dl.lib.brown.edu/sheetmusic/yiddish/,http://dl.lib.brown.edu/sheetmusic/yiddish/about.html http://dl.lib.brown.edu/sheetmusic/yiddish/references.html http://dl.lib.brown.edu/sheetmusic/yiddish/resources.html,True
1635268063-58402,http://www.rechercheisidore.fr/,http://www.rechercheisidore.fr/vocabularies http://www.rechercheisidore.fr/api http://www.rechercheisidore.fr/about,True
1635268063-579934,http://www.lib.uchicago.edu/e/su/cja/sheetmusic.html,https://www.lib.uchicago.edu/about/thelibrary/policies/ https://www.lib.uchicago.edu/research/help/ask-librarian/ask-contact/ https://www.lib.uchicago.edu/scrc/finding-aids/?topic=Jazz&view=topics,True
1639160406-255715,http://contentdm.ucalgary.ca/digital/collection/emi,http://contentdm.ucalgary.ca/customizations/global/cdmStylesCustom.css?v=119,True
1635268063-587,http://lcweb2.loc.gov/diglib/ihas/html/civilwar/civilwar-home.html,https://www.loc.gov/accessibility/ https://www.loc.gov/legal/,False
1635268063-58121,http://www.braidense.it/cataloghi/catalogo_rd.php,,True
1645713436-3183298,https://religioussounds.osu.edu/,https://www.sites.si.edu/s/topic/0TO4z0000011bDuGAI/sounds-of-religion-poster-exhibition,True
1635268063-59306,http://www.fux-online.at/cms_seite.php?content=0&menu=1,http://www.fux-online.at/cms_seite.php?content=7&menu=4&impressum=j http://www.fux-online.at/cms_seite.php?content=0&menu=1&druck=J http://www.fux-online.at/logout.php,True
1635268063-58143,http://www.nps.gov/edis/historyculture/requesting-an-audio-recording.htm,http://www.nps.gov/aboutus/privacy.htm http://www.nps.gov/aboutus/foia/index.htm http://www.nps.gov/aboutus/disclaimer.htm,True
1635268063-59012,http://www.schubert-online.at/,https://www.wwtf.at/ https://www.oeaw.ac.at/acdh/musikwissenschaft/ https://www.wien.gv.at/kultur/abteilung/,True
1635268063-604023,https://www.ascap.com/ace/,,True
1639384189-1280735,http://icking-music-archive.org/index.php,,False
1635268063-5993,http://hymnary.org/,http://hymnary.org/info/email.html?to=feedback,True
1635268063-593506,https://www.collectionscanada.gc.ca/glenngould/028010-3000-e.html,http://www.bac-lac.gc.ca/eng/contact-us/Pages/contact-us.aspx http://www.bac-lac.gc.ca/eng/Pages/terms-and-conditions.aspx,True
1635268063-595254,http://partifi.org/,http://partifi.org/Terms http://partifi.org/about http://partifi.org/donate,True
1635268063-584176,http://texashistory.unt.edu/,https://texas.gov,True
1639496670-0553632,https://digital.library.unt.edu/explore/collections/JBLC/,https://www.unt.edu/privacy,True
1635268063-579188,http://db.lib.washington.edu/sheetmusic/,http://www.lib.washington.edu/music/SMHelp.html,True
1635268063-580459,http://www.mdb.uni-mainz.de,http://www.kontakt.aspx,True
1635268063-591342,http://www2.musik.uu.se/duben/Duben.php,http://www.uu.se/ http://www.musik.uu.se,True
1635268063-602282,http://jrp.stanford.edu/search/,,True
1639499542-599142,http://kern.ccarh.org/,http://kern.humdrum.org/help/tour http://kern.humdrum.org/help/data http://kern.humdrum.org/cgi-bin/kssearch?s=r&count=200,True
1645714627-546162,https://archive.org/details/iuma-archive?tab=collection,,False
1635268063-584397,http://www.lib.unc.edu/dc/sheetmusic/,https://library.unc.edu/about/,True
1645712131-57912,https://magenta.tensorflow.org/datasets/maestro,https://www.google.com/policies/privacy/ https://www.google.com/policies/terms/,True
1635268063-602977,http://web.mit.edu/music21,https://github.com/cuthbertLab/music21/releases,True
1635268063-58513,https://www.itma.ie/digital-library,https://www.itma.ie/about/ https://www.itma.ie/contact/ https://www.itma.ie/shop/,True
1635268063-580828,http://www.mimo-international.com/MIMO,https://mimo-international.com/MIMO/about-mimo.aspx https://mimo-international.com/MIMO/how-to-join.aspx https://mimo-international.com/MIMO/how-to-join.aspx#frame-461,True
1645714204-5331008,https://sounds.bl.uk/,,True
1635268063-592244,http://www.spirituals-database.com,https://spirituals-database.com/searching-the-database/ https://spirituals-database.com/composers-brief-biographies/ http://www.artoftheconcertspiritual.com/so-you-want-to-sing-spirituals-extra-content/,True
1635268063-579263,http://www.bu.edu/beethovencenter,https://www.bu.edu/beethovencenter/conference-papers/,True
1635268063-593289,http://www.e-manuscripta.ch,http://www.e-manuscripta.ch/wiki/termsOfUse http://www.e-manuscripta.ch/wiki/imprint http://www.e-manuscripta.ch/wiki/contact,True
1635268063-57971,http://www.internetculturale.it/opencms/opencms/it/index.html,,False
1635268063-588564,http://library.duke.edu/digitalcollections/hasm/,https://repository.duke.edu/about/reuse-attribution https://library.duke.edu/about/privacy https://library.duke.edu/about/statement-potentially-harmful-language-library-descriptions,True
1635268063-589753,http://www.uiuc.edu/goto/music,http://illinois.edu/resources/search.html https://directory.illinois.edu/departmentsUnits https://answers.uillinois.edu/illinois/47881,False
1635268063-595327,http://humdrum.ccarh.org/,http://humdrum.org/HumdrumDownload/downloading.html http://extras.humdrum.org http://kern.ccarh.org/cgi-bin/kseditor,True
1635268063-602451,http://edirom.de/,http://edirom.de/impressum.html https://ess.uni-paderborn.de https://ess.upb.de,True
1635268063-591422,https://www.loc.gov/collections/albert-schatz/about-this-collection,https://www.loc.gov/collections/albert-schatz/about-this-collection/rights-and-access/ https://www.loc.gov/accessibility/ https://www.loc.gov/legal/,True
1645595889-5140848,http://jazzparser.granroth-wilding.co.uk/Parser.html,https://github.com/markgw/jazzparser,True
1635268063-582393,http://theglobaljukebox.org/gjb-map.html#,,True
1635268063-589083,https://www.loc.gov/collections/irving-fine/about-this-collection/,https://www.loc.gov/collections/irving-fine/about-this-collection/rights-and-access/ https://www.loc.gov/accessibility/ https://www.loc.gov/legal/,True
1639298151-6594517,https://www.allmusic.com/,https://www.allmusic.com/about https://www.allmusic.com/copyright-policy https://www.allmusic.com/privacy-notice,True
1638797132-3821204,http://www.bononcini.org/ ,,True
1638798594-7252076,https://collections.louisarmstronghouse.org/,https://collections.louisarmstronghouse.org/rights.php https://collections.louisarmstronghouse.org/privacy.php https://collections.louisarmstronghouse.org/terms.php,True
1635268063-584985,http://digital.wustl.edu/s/shm/index.html,http://library.wustl.edu/units/music/ http://digital.wustl.edu/s/shm/index.html http://omeka.wustl.edu/omeka/exhibits/show/tietjens,True
1635268063-583122,http://www.schoenberg.at,https://www.unesco.at/kommunikation/dokumentenerbe/weltdokumentenerbe-in-oesterreich/arnold-schoenberg-nachlass https://www.facebook.com/pages/Arnold-Sch%C3%B6nberg-Center/195524997137319?fref=ts https://twitter.com/ascschoenberg,True
1641116860-6101842,https://svmusicology.com/mapa/?lang=en,https://www.paypal.com/donate?hosted_button_id=Q72EMSENPL688 https://svmusicology2.s3.eu-west-3.amazonaws.com/image_gallery_1973039f16.png https://svmusicology2.s3.eu-west-3.amazonaws.com/lgotipo_DMUS_negro_bc924fb4e3.png,True
1635268063-591108,https://handrit.is/en,,False
1635268063-593975,http://www.trachtman.org/rollscans/RollListing.php,https://www.trachtman.org/terms-of-use/) https://www.trachtman.org/privacy-policy/) https://www.trachtman.org/licences/) https://www.trachtman.org/terms-of-use/ https://www.trachtman.org/privacy-policy/ https://www.trachtman.org/licences/,False
1635268063-586919,http://cudl.lib.cam.ac.uk/collections/music,https://www.cam.ac.uk/about-this-site/privacy-policy http://www.lutesociety.org/ https://www.cam.ac.uk/about-this-site/terms-and-conditions,True
1635268063-592834,http://www.psalmmusic-database.de/index.php,http://www.psalmmusic-database.de/impressum.php http://www.psalmmusic-database.de/kontakt.php http://www.psalmmusic-database.de/content_pages.php?site_id=5,True
1635268063-594951,http://dbtune.org/last-fm/,http://blog.dbtune.org/post/2008/01/11/Your-AudioScrobble-data-as-linked-data,True
1635268063-585057,http://www.polona.pl/search/collection/23/,,True
1635268063-597105,http://gregorianik.uni-regensburg.de,https://www.uni-regensburg.de/impressum https://www.uni-regensburg.de/datenschutz,True
1635268063-592617,http://musicasacra.com,https://musicasacra.com/about-cmaa/join-the-cmaa/ https://musicasacra.com/resource-lists/ https://musicasacra.com/about-cmaa/faq/,True
1638799020-858299,https://www.museudofado.pt/en ,https://www.egeac.pt https://www.egeac.pt/sobre/ https://www.museudofado.pt/imprensa,True
1635268063-585215,http://levysheetmusic.mse.jhu.edu/,https://levysheetmusic.mse.jhu.edu/using-collection/cataloging-minstrel-music https://levysheetmusic.mse.jhu.edu/license-cover-images https://www.library.jhu.edu/policies/rights-and-reproductions/,True
1635268063-598994,http://www.musicalion.com/,https://www.musicalion.com/general/Docs/de_DE/terms.pdf https://www.musicalion.com/de/scores/site/info/imprint,True
1635268063-593823,http://library.stanford.edu/projects/player-piano-project,https://purl.stanford.edu/yp800nx9987,True
1645706564-9274452,https://ycac.yale.edu/,https://ycac.yale.edu/Downloads http://www.yale.edu/privacy-policy,True
1635268063-59428,http://www.music-scores.com/index.html,http://www.music-scores.com/general/terms.html,True
1635268063-581284,http://classical-discography.org/search.php?reset=on,http://classical-discography.org/privacy.php http://classical-discography.org/contact.php http://classical-discography.org/search.php,True
1635268063-603362,http://globalchant.org/about.php,http://globalchant.org/about.php http://www.firmadat.cz/melodiarium/index.php?&LANG=EN http://publish.uwo.ca/,True
1635268063-598693,https://www.babelscores.com/,https://www.babelscores.com/about-us https://www.babelscores.com/request-a-free-trial https://www.babelscores.com/partners,True
1635268063-588492,http://diamond.boisestate.edu/gas/,,True
1635268063-578953,http://sites.lib.byu.edu/obps,,False
1635268063-597846,http://motools.sourceforge.net/doc/audio_features.html,http://motools.sourceforge.net/doc/audio_features.html#term_Amplitude http://motools.sourceforge.net/doc/audio_features.html#term_Beat http://motools.sourceforge.net/doc/audio_features.html#term_ChordSegment,True
1635268063-57863,http://oaktrust.library.tamu.edu/handle/1969.1/157173,http://oaktrust.library.tamu.edu/handle/1969.1/157173/discover http://oaktrust.library.tamu.edu/handle/1969.1/157173,True
1635268063-599591,http://lusthof-der-muziek.blogspot.it/2010/11/garden-of-musical-delights.html,https://lusthof-der-muziek.blogspot.com/p/gebruikerstips.html https://lusthof-der-muziek.blogspot.com/p/copyrightstatement.html https://lusthof-der-muziek.blogspot.com/p/links.html,True
1635268063-592167,http://ricercar.cesr.univ-tours.fr/3-programmes/EMN/Croatie/index.htm,http://ricercar.cesr.univ-tours.fr/3-programmes/EMN/Croatie/pages/accueil.htm http://ricercar.cesr.univ-tours.fr/3-programmes/EMN/Croatie/mentions.htm,True
1635268063-600037,http://www.hausmusik.ch/,http://de.hausmusik.ch/satzung,True
1635268063-60198,http://www.themefinder.org/,http://www.themefinder.org/help/about http://www.themefinder.org/help http://www.themefinder.org/help/repertoires,True
1639384427-9732945,https://musescore.org/,https://musescore.com/legal/privacy https://musescore.com/legal/terms,True
1635268063-589897,http://openmusiclibrary.org/,https://www.proquest.com/go/privacy,True
1645711057-8155167,https://www.setlist.fm/,https://www.setlist.fm/help/terms https://www.setlist.fm/help/privacy,True
1635268063-590798,http://www.orfeus.pt,http://www.orfeus.pt/musica2.php http://www.orfeus.pt/musica.php http://www.orfeus.pt/musica.php,True
1635268063-583722,http://cudl.lib.cam.ac.uk/view/MS-DD-00005-00078-00003/1,https://cudl.lib.cam.ac.uk/view/MS-DD-00002-00011/1 https://cudl.lib.cam.ac.uk/view/MS-DD-00009-00033/1 https://cudl.lib.cam.ac.uk/view/MS-NN-00006-00036/1,True
1635268063-596305,http://isophonics.net/content/automatic-annotations,http://chordtranscriptions.net/index.php?sub=cdata http://chordtranscriptions.net/index.php?sub=cdata http://isophonics.net/content/automatic-annotations http://chordtranscriptions.net/automatictranscriptions/chord/matthiasmauch/ISMIR2010/ http://chordtranscriptions.net/automatictranscriptions/chord/matthiasmauch/ISMIR2010/ http://isophonics.net/content/automatic-annotations http://chordtranscriptions.net/automatictranscriptions/key/matthiasmauch/ISMIR2010/ http://chordtranscriptions.net/automatictranscriptions/key/matthiasmauch/ISMIR2010/ http://isophonics.net/content/automatic-annotations,True
1635268063-592462,http://www.goldbergstiftung.de/forum/index_de.php?a=forum&f=39,http://www.goldbergstiftung.org/impressum/ http://www.goldbergstiftung.org/datenschutzerklaerung/ http://www.goldbergstiftung.org/kontakt/,True
1635268063-597411,http://www.bruckner-online.at/,http://www.bruckner-online.at/?page_id=604,True
1635268063-591035,http://www.idemdatabase.org/alamire,http://www.idemdatabase.org/terms http://www.idemdatabase.org/contact http://www.alamirefoundation.org/,True
1635268063-596522,http://labrosa.ee.columbia.edu/millionsong/,http://labrosa.ee.columbia.edu/millionsong/pages/faq http://labrosa.ee.columbia.edu/millionsong/pages/getting-dataset http://labrosa.ee.columbia.edu/millionsong/pages/contact-us,True
1635268063-600943,http://www.liederenbank.nl/searchmusic/piano.php?,https://www.liederenbank.nl/index.php?actie=disclaimer&lan=nl https://www.liederenbank.nl/index.php?actie=over&lan=nl http://www.meertens.knaw.nl/cms/,True
1635268063-584092,https://www.loc.gov/collections/music-treasures-consortium/about-this-collection,https://www.loc.gov/collections/music-treasures-consortium/about-this-collection/rights-and-access/ https://guides.loc.gov/beethoven https://guides.loc.gov/johannes-brahms,True
1635268063-585588,https://code.soundsoftware.ac.uk/projects/mpegdevelopments,https://code.soundsoftware.ac.uk/projects/mpegdevelopments/wiki/MPEGReports,True
1635268063-597556,http://www.musicxml.com/,http://www.makemusic.com/terms-conditions/ http://www.makemusic.com/privacy https://www.makemusic.com/terms-conditions/,True
1635268063-601017,https://opac.rism.info/metaopac/start.do?View=rism&Language=en,https://www.bsb-muenchen.de/datenschutzerklaerung/ https://www.bsb-muenchen.de/impressum/ http://www.rism.info/index.php?id=12&L=0,True
1635268063-598386,http://www.music-ir.org/mirex/wiki/MIREX_HOME,https://www.music-ir.org/mirex/wiki/MIREX_Wiki:Privacy_policy,True
1635268063-602581,http://www.aruspix.net/,http://www.aruspix.net/licences http://www.aruspix.net/privacy-policy http://www.aruspix.net/terms-of-use,True
1635268063-590284,http://www.loc.gov/collection/songs-of-america/about-this-collection/,http://www.loc.gov/collections/songs-of-america/about-this-collection/rights-and-access/ http://www.loc.gov/legal/ http://www.loc.gov/legal/standard-disclaimer-for-external-links/,True
1635268063-59239,http://www.huapala.org,http://www.huapala.org/index.html http://www.huapala.org/Donate/Donation.html http://www.huapala.org/hulapreservation.org/,True
1635268063-590961,http://www.digital.wienbibliothek.at/nav/classification/301934,http://www.digital.wienbibliothek.at/doc/imprint http://www.digital.wienbibliothek.at/doc/contact,False
1645712798-6517727,https://digital.library.louisville.edu/cdm/landingpage/collection/luma/ ,,True
1635268063-59808,http://motools.sourceforge.net/chord_draft_1/chord.html#symbolservice,http://creativecommons.org/licenses/by/1.0/ http://purl.org/ontology/chord/draft1/index.html http://purl.org/ontology/chord/index.html,True
1645714826-766791,https://archives.crem-cnrs.fr/ ,,True
1635268063-600716,http://catalogue.conductus.ac.uk/,http://catalogue.conductus.ac.uk/CPI_Conductus_-_User_Guide.pdf,True
1639496040-2246513,https://web.archive.org/web/20130411073721/http://library.duke.edu/music/sheetmusic/collections.html,http://library.duke.edu/about/privacy.html,True
1635268063-6019,https://acoustid.org/,https://acoustid.org/api-key https://acoustid.org/webservice https://acoustid.org/new-application,True
1635268063-591857,http://blogs.law.harvard.edu/loebmusic/2015/05/06/newly-digitized-early-19th-century-opera,https://osc.hul.harvard.edu/programs/copyright/ccby,True
1635268063-599884,http://www.newhymns.org/,http://www.newhymns.org/license.html,True
1639391295-253099,https://www.beethoven.de/en/archive/list,https://www.beethoven.de/en/s/archiv-order https://www.beethoven.de/en/s/archiv-digi https://www.beethoven.de/en/glossar_archiv,True
1635268063-601828,http://motools.sourceforge.net/chord_draft_1/chord.html#symbolservice,http://creativecommons.org/licenses/by/1.0/ http://purl.org/ontology/chord/draft1/index.html http://www.omras2.com/,True
1635268063-588347,http://www.hberlioz.com/,http://www.hberlioz.com/feedbacke.htm,True
1635268063-592317,http://www.bodley.ox.ac.uk/ballads/project.htm,http://balladsblog.bodleian.ox.ac.uk/blog http://www.bodleian.ox.ac.uk http://creativecommons.org/licenses/by-nc-sa/3.0/deed.en_GB,True
1635268063-597339,http://portico.bl.uk/onlinegallery/ttp/ttpbooks.html,http://portico.bl.uk/onlinegallery/ttp/ttpbooks.html http://portico.bl.uk/onlinegallery/ttp/licences.html http://portico.bl.uk/onlinegallery/ttp/privacy-policy.html,True
1638959734-7802122,https://www.whosampled.com/,https://www.whosampled.com/),False
1639036173-4239824,https://www.radioafrica.com.au/RTG_catalogue.html,,True
1635268063-597772,http://www.isophonics.net/content/musical-instrument-taxonomies,http://purl.org/ontology/taxonomy-a/mita http://purl.org/ontology/taxonomy-b/mitb,True
1635268063-599812,http://www.gutenberg.org/wiki/Gutenberg:The_Sheet_Music_Project,https://www.gutenberg.org/policy/permission.html https://www.gutenberg.org/policy/privacy_policy.html https://www.gutenberg.org/policy/terms_of_use.html,True
1635268063-588856,http://www.archive.org/search.php?query=(byuinternationalharparchive),,False
1635268063-602053,http://linkeddata.uni-muenster.de/musicportal/,,True
1635268063-593896,http://www.russian-records.com/categories.php?cat_id=694&sessionid=og3ubh0u5a3ko8f9q56ioolb34,http://www.russian-records.com/about.php?sessionid=og3ubh0u5a3ko8f9q56ioolb34 http://www.russian-records.com/terms.php?sessionid=og3ubh0u5a3ko8f9q56ioolb34 http://www.russian-records.com/privacy.php?sessionid=og3ubh0u5a3ko8f9q56ioolb34,True
1635268063-599226,http://folkopedia.efdss.org/wiki/Take_6_Transcription_Programme,https://folkopedia.info/wiki/wiki/Take_6_Transcription_Programme,True
1635268063-600484,http://cantigas.fcsh.unl.pt/manuscritos.asp,http://cantigas.fcsh.unl.pt/manuscritos.asp,True
1639037220-3709588,https://www.thepiratearchive.net/,https://thepiratearchive.net/disclaimer/ https://thepiratearchive.net/contact/ https://thepiratearchive.net/contributors/,True
1639039719-2525394,https://blackmusiclibrary.com/,https://blackmusiclibrary.com/ https://blackmusiclibrary.com/ https://blackmusiclibrary.com/,True
1635268063-584757,http://www.digitale-sammlungen.de/index.html?c=startseite&l=de,http://www.digitale-sammlungen.de/en/privacy-policy,True
1664527234-1931784,https://www.youtube.com/watch?v=sQl7iDm1wok,https://www.youtube.com/about/ https://www.youtube.com/about/press/ https://www.youtube.com/creators/,True
1635268063-602209,https://elvisproject.ca/,https://database.elvisproject.ca/,True
1641118226-9568648,https://music.si.edu/,http://si.edu/Termsofuse http://si.edu/privacy,True
1635268063-603289,http://www.peachnote.com/#!nt=singleNoteAffine&npq=62+0+1+2+0+-2+-1+-2,http://www.peachnote.com/viewer,True
1635268063-591568,http://www.whats-the-score.org/about,,True
1635268063-5809,http://instrumenty.edu.pl/en,,True
1635268063-601248,http://www.musipedia.org/,http://www.musipedia.org/privacy.html,True
1645711350-9549549,https://bhs.minor9.com/,https://bhs.minor9.com/biab/jazz/ https://bhs.minor9.com/biab/latin/ https://bhs.minor9.com/biab/jazzpractice/,True
1635268063-60305,http://www.ccarh.org/software/musedata/,http://www.ccarh.org/software/musedata/dmuse-1998-01-22 http://www.ccarh.org/software/musedata/zbex http://www.ccarh.org/software/musedata/fonts,True
1635268063-601755,http://www.isophonics.net/content/automatic-ontology-generation-based-semantic-audio-analysis,http://isophonics.net/sites/isophonics.net/files/IEEE-auto-generated-ontologies.zip http://isophonics.net/sites/isophonics.net/files/Automatically_Generated_Ontologies.zip,True
1635268063-59862,http://www.armusicanthology.com/anthology/default.aspx,http://www.armusicanthology.com/HistoryResource.aspx http://www.armusicanthology.com/AnthologyVideos.aspx http://www.armusicanthology.com/PresetCourses.aspx,True
1635268063-595096,http://dbtune.org/echonest/,http://dbtune.org/ http://the.echonest.com/analyze.html http://musicontology.com/,True
1635268063-596809,http://www.marenzio.org/,http://www.marenzio.org/licences http://www.marenzio.org/privacy-policy http://www.marenzio.org/terms-of-use,True
1635268063-59058,http://www.loc.gov/collection/world-war-i-sheet-music/about-this-collection/,https://www.loc.gov/collections/world-war-i-sheet-music/about-this-collection/rights-and-access/,True
1635268063-58483,http://digma.mmb.org.gr/Default.aspx,http://www.mnec.gr/ http://www.hellaskps.gr http://europa.eu.int/information_society/index_en.htm,True
1635268063-597266,http://www.sims.berkeley.edu/%7Emkduggan/neh.html,http://www.ischool.berkeley.edu/ http://www.sims.berkeley.edu/ http://www.californiapioneers.org,True
1635268063-590358,http://www.jewishmusic-asjm.org/database-the-st-petersburg-score-collection.html,http://4658.datatrium.com/fmi/iwp/cgi?-db=asjm_st_petersburg_scores&amp;-loadframes,True
1635268063-594871,http://www.isophonics.net/content/hotttabs,http://wiki.musichackday.org/index.php?title=HOTTTABS http://www.isophonics.net/content/hackday http://www.isophonics.net/content/audio-engineering-society-53rd-conference-semantic-audio,True
1635268063-58232,http://digital2.library.ucla.edu/sheetmusic/lod.html,http://digital2.library.ucla.edu/sheetmusic/browse.html http://digital.library.ucla.edu/sheetmusic/aboutProject.html#Participation http://digital.library.ucla.edu/sheetmusic/lod.html,True
1635268063-601321,http://music-encoding.org/,https://music-encoding.org/community/code-of-conduct.html https://music-encoding.org/conference/code-of-conduct.html https://music-encoding.org/community/mei-by-laws.html,True
1639385146-4206917,http://quantonemusic.com/,http://quantonemusic.com/license http://quantonemusic.com/privacy-policy http://quantonemusic.com/terms-of-use,True
1635268063-593434,http://crem-cnrs.fr/archives-sonores,,True
1635268063-598841,http://www.cmme.org/,http://validator.w3.org/check?uri=referer,True
1635268063-586624,https://www.loc.gov/collection/civil-war-band-music/about-this-collection/,https://www.loc.gov/legal/ https://www.loc.gov/about/office-of-the-inspector-general/ https://www.loc.gov/legal/standard-disclaimer-for-external-links/,True
1639495573-5585299,https://www2.musik.uu.se/duben/Duben.php,http://www.musik.uu.se,True
1635268063-589243,http://www.juilliardmanuscriptcollection.org/,https://juilliardmanuscriptcollection.org/about-the-collection/ https://juilliardmanuscriptcollection.org/composer/ https://juilliardmanuscriptcollection.org/contact/,True
1645706845-306798,https://www.classicalarchives.com,https://www.classicalarchives.com/aboutUs https://blog.classicalarchives.com/ https://vlog.classicalarchives.com/,True
1635268063-59269,http://musicat.unam.mx/v2013/index.html,,True
1635268063-597483,http://neuma.huma-num.fr/,http://neuma.huma-num.fr/home/presentation http://neuma.huma-num.fr/quality/ http://neuma.huma-num.fr/home/contact,True
1635268063-580081,http://expositions.nlr.ru/MusicalManuscripts/eng/project.php,http://expositions.nlr.ru/MusicalManuscripts/eng/proj_struct.php,True
1635268063-586186,http://dl.lib.brown.edu/sheetmusic/afam/index.html,http://dl.lib.brown.edu/sheetmusic/afam/about.html http://dl.lib.brown.edu/sheetmusic/afam/context.html http://dl.lib.brown.edu/sheetmusic/afam/references.html,True
1635268063-587743,http://digital2.library.ucla.edu/sheetmusic/,http://digital.library.ucla.edu/sheetmusic/browse.html http://digital.library.ucla.edu/sheetmusic/lod.html http://digital.library.ucla.edu/sheetmusic/aboutProject.html,True
1635268063-58842,http://www.loc.gov/performingarts/liszt,http://www.loc.gov/about/oig/ http://www.loc.gov/homepage/legal.html,True
1639160794-6585488,https://thesongbook.org/archives-library/inside-the-archives/,https://thesongbook.org/library-archives/inside-the-archives/ https://thesongbook.org/about/terms/ https://thesongbook.org/about/privacy-policy/,True
1639162424-7193198,https://arcmusic.org/,https://arcmusic.org/about/ https://arcmusic.org/support/ https://arcmusic.org/catalogs/,True
1635268063-597933,http://www.isophonics.net/content/studio-ontology,http://motools.sourceforge.net/,True
1635268063-589009,http://irishsheetmusicarchives.com/sheet-music.htm,http://irishsheetmusicarchives.com/Terms-and-Conditions.htm http://irishsheetmusicarchives.com/Privacy_Policy.htm http://irishsheetmusicarchives.com/ContactUs.htm,True
1635268063-593651,http://www.pianola.co.nz/index.asp,,False
1635268063-590725,http://digital.staatsbibliothek-berlin.de/suche/?DC=musik,http://digital.staatsbibliothek-berlin.de/sammlungen/rechtliche-hinweise/116600241 http://digital.staatsbibliothek-berlin.de/sammlungen/datenschutz/116600241,True
1664525122-8075762,https://www.youtube.com/watch?v=_uExjRP3h3A,https://www.youtube.com/t/privacy,True
1635268063-588638,http://www.dlib.indiana.edu/collections/hoagy/index.html,http://www.indiana.edu/copyright.html https://accessibility.iu.edu/help,True
1635268063-600791,http://www.printed-sacred-music.org/pages/indexes,http://www.printed-sacred-music.org/pages/about_us http://www.printed-sacred-music.org/pages/contact http://www.printed-sacred-music.org/pages/indexes,True
1635268063-581866,http://dbtune.org/,http://dbtune.org/ http://esw.w3.org/topic/SweoIG/TaskForces/CommunityProjects/LinkingOpenData http://www.w3.org/RDF/,True
1645595496-6777816,http://jazzparser.granroth-wilding.co.uk/ParserPaper.html#Parser_Code,http://jazzparser.granroth-wilding.co.uk/Parser.html http://jazzparser.granroth-wilding.co.uk/JazzCorpus.html http://jazzparser.granroth-wilding.co.uk/Thesis,True
1635268063-581124,http://guides.lib.unc.edu/c.php?g=9254&p=45825,http://guides.lib.unc.edu/c.php?g=9254&p=45825,True
1635268063-592762,http://cantus.edu.pl,https://www.aftermarket.pl/Message/New/?domain=cantus.edu.pl&type=domain&utm_source=domain_contact https://www.aftermarket.pl/domeny/?utm_source=parking_click https://www.aftermarket.pl/cennik/?utm_source=parking_click,True
1645710566-4320617,https://openscore.cc/,https://musescore.com/OpenScore https://musescore.com/OpenScore-Lieder-Corpus https://www.facebook.com/OpenScore.cc,True
1638974544-1997092,https://www.afromix.org/html/musique/index.en.html,http://www.afrikaraib.com/,True
1635268063-589316,http://www.mun.ca/folklore/leach/,,True
1635268063-584685,http://www.iberoamericadigital.net/gdl/,,True
1635268063-583867,http://beethoven.staatsbibliothek-berlin.de/digitale-abbildungen/4-satz,,False
1635268063-58305,http://www.birmingham.ac.uk/schools/lcahm/departments/music/research/ascima/index.aspx,http://www.birmingham.ac.uk/legal/index.aspx,True
1641121064-367263,http://www.freddysnakeskin.com/marsfm/,http://www.freddysnakeskin.com/index.html http://www.freddysnakeskin.com/licences.html http://www.freddysnakeskin.com/privacy-policy.html,True
1639500234-4994435,https://musicabrasilis.org.br/,https://musicabrasilis.org.br/sobre-musica-brasilis https://musicabrasilis.org.br/contato https://musicabrasilis.org.br/noticias/apoie-musica-brasilis,True
1645713223-837309,https://www.livenirvana.com/index.php,https://www.livenirvana.com/about https://www.livenirvana.com/faq https://www.livenirvana.com/contact,True
1635268063-594651,https://www.musixmatch.com/it,,False
1645599195-6993346,https://staff.aist.go.jp/m.goto/RWC-MDB/,http://staff.aist.go.jp/m.goto/MIR/speech_if.html,True
1635268063-599446,http://www.visaudiodesigns.com/,https://visaud.io/shows/ https://visaud.io/about-us/ https://visaud.io/faqs/,True
1638796438-4034164,https://digital.library.pitt.edu/collection/african-american-jazz-preservation-society-pittsburgh-oral-history-project-records-recordings,,True
1635268063-584613,http://oregonbachfestival.com/digitalbach/,,True
1639037503-618952,https://www.romarchive.eu/en/music/,https://www.romarchive.eu/en/about/ethical-guidelines/ https://www.romarchive.eu/en/privacy/ https://www.romarchive.eu/en/terms/,True
1635268063-580164,http://www.arts.ufl.edu/motet/default.asp,http://www.arts.ufl.edu/music http://www.arts.ufl.edu/motet/contact.asp http://www.arts.ufl.edu/motet/database_info.asp,True
1645711895-1029153,https://www.kunstderfuge.com/,https://www.kunstderfuge.com/notes.htm,True
1641119521-912459,https://www.emiarchivetrust.org/,https://www.emiarchivetrust.org/headline/emi-archive-trust-cookies-policy/ https://www.emiarchivetrust.org/headline/emi-archive-trust-data-protection-policy/ https://www.emiarchivetrust.org/headline/emi-archive-trust-privacy-notice/,True
1663770578-6968083,https://mediasuite.clariah.nl/tool/single-search?queryId=6688eee0-db29-4f6e-9eae-fdc28d38cc64,https://mediasuitedata.clariah.nl/ https://mediasuitedatastories.clariah.nl/ https://gitter.im/CLARIAH-media-studies/Lobby,True
1635268063-596594,http://beethovens-werkstatt.de/,https://beethovens-werkstatt.de/impressum/ https://beethovens-werkstatt.de/datenschutz/ https://beethovens-werkstatt.de/AGB/,True
1635268063-595922,http://www.doremus.org/,http://www.doremus.org/?page_id=34 http://www.doremus.org/?page_id=36 https://www.doremus.org/?page_id=231,True
1635268063-580682,http://www.reidconcerts.music.ed.ac.uk/content/home,http://www.ed.ac.uk/about/website/terms-conditions http://www.ed.ac.uk/about/website/privacy http://www.ed.ac.uk/about/website/accessibility,True
1639467339-727195,https://mhm.hud.ac.uk/chase/,http://www.leeds.ac.uk/terms http://www.leeds.ac.uk/privacy http://www.leeds.ac.uk/freedom-of-information,True
1645596444-6679177,https://framagit.org/sapo/OpenEWLD,https://framasoft.org/cgu/ https://framagit.org/-/users/terms,True
1635268063-579636,http://library.csun.edu/SCA/IGRA,http://library.csun.edu/SCA/UsingCollections https://library.csun.edu/SCA/igra-fellowship https://library.csun.edu/SCA/igra-symposium,True
1635268063-585508,http://www.wdl.org,https://www.loc.gov/about/office-of-the-inspector-general/,True
1635268063-590047,http://pemdatabase.eu,http://cantusindex.org/,True
1635268063-5954,http://cantusbohemiae.cz,http://cantusindex.org/analyse?db=FCB&amp;src=33177 http://cantusindex.org/analyse?db=FCB&amp;src=33046 http://cantusindex.org/analyse?db=FCB&amp;src=13209,True
1639161776-8138661,https://archive.org/details/digitalfanzinepreservationsociety?&sort=-week&page=2,https://example.com,False
1635268063-600411,http://cantus.sk/,http://cantus.sk/contributors,True
1635268063-580387,http://www.volksmusikdatenbank.at,,True
1638798822-6517777,https://nationaljazzarchive.org.uk/,https://nationaljazzarchive.org.uk/terms-and-conditions https://nationaljazzarchive.org.uk/privacy-policy,True
1639036577-4595208,https://samap.ukzn.ac.za/,http://ilam.africamediaonline.com/,True
1641117441-7679298,https://www.soulstrut.com/Archive/,https://www.soulstrut.com/About https://www.soulstrut.com/Archive/Pages/category/blues https://www.soulstrut.com/Archive/Pages/category/country,True
1635268063-595843,http://jrp.stanford.edu/search/,http://jrp.stanford.edu/about http://jrp.stanford.edu/feedback http://jrp.stanford.edu/contact,True
1635268063-601393,https://midi-ld.github.io/,https://github.com/midi-ld/documentation/blob/master/tutorials/sparql.md https://github.com/midi-ld/documentation https://github.com/midi-ld/documentation/issues,True
1635268063-604096,https://bagaducemusic.org/,https://www.bagaducemusic.org/about-contact/contact/ https://www.bagaducemusic.org/news/ https://www.bagaducemusic.org/collection/,True
1635268063-579488,http://guides.library.yale.edu/c.php?g=295934&p=1973066,https://library.yale.edu/about-us https://library.yale.edu/help-and-research-support https://web.library.yale.edu/data-use,True
1664531599-3946595,https://www.youtube.com/watch?v=tRwRG719j0c&t=7s,https://www.youtube.com/t/terms https://www.youtube.com/t/privacy https://www.youtube.com/about/policies/,True
1635268063-579102,http://www.cs.helsinki.fi/~wikla/music.html,http://www.cs.helsinki.fi/u/wikla/mus/Contrib.html https://www.cs.helsinki.fi/u/wikla/mus/Arciliuto/ https://www.cs.helsinki.fi/u/wikla/mus/10_courseLute/,True
1635268063-589389,http://www.stanford.edu/group/dmstech/cgi-bin/drupal/machautmss,http://www.stanford.edu/search http://www.stanford.edu/atoz http://www.stanford.edu,True
1635268063-580536,http://gregorien.info/en,https://gregorien.info/about/privacy/en,True
1645711604-484135,http://bitmidi.com,https://support.cloudflare.com/hc/en-us/articles/200171936-Error-520 https://www.cloudflare.com/5xx-error-landing?utm_source=errorcode_520&utm_campaign=bitmidi.com,True
1635268063-585956,http://www.chopinonline.ac.uk/,,True
1635268063-58566,http://musicontology.com/,http://musicontology.com/docs/faq.html http://musicontology.com/specification/ http://musicontology.com/docs/getting-started.html,True
1635268063-60282,http://www.flow-machines.com,https://www.sonycsl.co.jp/contact/terms/ https://www.sonycsl.co.jp/contact/policy/,True
1635268063-594798,https://www.dropbox.com/s/u9c0nzfcsd995r1/DuCheminThesaurus_3.3_5_2013copy.pdf,https://www.dropbox.com/s/u9c0nzfcsd995r1/DuCheminThesaurus_3.3_5_2013copy.pdf,True
1638797592-5820174,https://walkerart.org/collections/publications/jazz/creative-black-music-at-the-walker-selections-from-the-archives,https://walkerart.org/about/terms-of-use/ https://walkerart.org/about/privacy-policy https://walkerart.org/about/contact,True
1635268063-593579,http://www.loc.gov/jukebox,https://www.loc.gov/collections/national-jukebox/about-this-collection/ https://www.loc.gov/collections/national-jukebox/about-this-collection/partners/ https://www.loc.gov/collections/national-jukebox/about-this-collection/playlists/,True
1639467056-9320772,https://www.library.msstate.edu/digitalcollections/charles-h-templeton,https://scholarsjunction.msstate.edu/cht-cylinder-recording/,True
1638981345-1141422,https://www.fondation-langlois.org/html/e/page.php?NumPage=556,https://www.fondation-langlois.org/html/f/page.php?NumPage=556 https://www.fondation-langlois.org/html/f/page.php?NumPage=153 https://www.fondation-langlois.org/html/f/privacy-policy.html,True
1677573144-775718,https://tiaki.natlib.govt.nz/#details=ecatalogue.1042703,,True
1635268063-593132,http://frescobaldi.music.duke.edu,,False
1635268063-584542,http://digital.library.ucla.edu/apam/,http://digital.library.ucla.edu/apam/browse.html http://digital.library.ucla.edu/apam/lod.html http://digital.library.ucla.edu/sheetmusic/,True
1635268063-586769,http://www.brahms-institut.de/web/bihl_digital/archiv_index.html,https://www.brahms-institut.de/index.php?cID=236 https://www.brahms-institut.de/index.php?cID=576 https://www.brahms-institut.de/index.php/login,True
1635268063-581647,http://cirss.ischool.illinois.edu/Project/project-details.php?id=20,https://cirss.ischool.illinois.edu/privacy https://cirss.ischool.illinois.edu/cookies https://cirss.ischool.illinois.edu/accessibility,True
1639036981-673488,https://archive.list.co.uk/,https://archive.list.co.uk/the-list/1985/index.html https://archive.list.co.uk/the-list/2020/index.html https://archive.list.co.uk/the-list/2020-04-01/1/index.html,True
1635268063-60057,http://www-musikwissenschaft.uni-r.de/cantus,https://www.uni-regensburg.de/kontakt/index.html https://www.uni-regensburg.de/impressum/index.html https://www.uni-regensburg.de/datenschutz/index.html,True
1641116189-3026085,https://archive.org/details/vinyl_bostonpubliclibrary?tab=about,,False
1635268063-599067,https://musescore.com/sheetmusic,https://musescore.com/legal/privacy https://musescore.com/legal/terms https://musescore.com/legal/dmca,True
1635268063-593748,http://archives.irishfest.com/dunn-family-collection/Music.htm,http://archives.irishfest.com/OffNav/Terms-of-Use.htm http://cylinders.library.ucsb.edu/history.php https://store.irishfest.com/store/product/WIMA-002/The_Francis_ONeill_Cylinders_Thirtytwo_Recordings_of_Irish_Traditional_Music_in_America_circa_1904.aspx,True
1645596007-813033,https://ddmal.music.mcgill.ca/research/The_McGill_Billboard_Project_(Chord_Analysis_Dataset)/,https://www.dropbox.com/s/g9yq0pafbfkbgxr/billboard-2.0-salami_chords.tar.bz2?dl=1,True
1635268063-586841,http://archive.org/details/byubrusselsoperaballet,https://archive.org/about/privacy.php https://archive.org/about/terms.php,True
1635268063-599519,http://www.lamadeguido.com/,http://www.lamadeguido.com/nov_.html http://www.lamadeguido.com/guidop.html,True
1635268063-591191,http://www.dlib.si,https://www.dlib.si/About.aspx http://www.nuk.uni-lj.si https://www.dlib.si/Partners.aspx http://www.nuk.uni-lj.si https://www.dlib.si/Help.aspx http://www.nuk.uni-lj.si,True
1635268063-578868,http://eve.ccarh.org/,http://adam.ccarh.org http://drm.ccarh.org,True
1663771058-8047798,https://www.muziekweb.nl/,https://www.muziekweb.nl/Informatie/Privacybeleid https://www.muziekweb.nl/Informatie/Colofon https://www.muziekweb.nl/Informatie/Cookie-policy,True
1635268063-586697,http://musikverket.se/musikochteaterbiblioteket/ladda-ner-noter/boijes-samling/?lang=en,,False
1635268063-593361,http://faculty-web.at.northwestern.edu/music/gjerdingen/partimenti/index.htm,http://faculty-web.at.northwestern.edu/music/gjerdingen/aboutSeries/aboutSeries.htm,True
1635268063-586103,https://www.loc.gov/collection/aaron-copland/about-this-collection/,https://www.loc.gov/collections/aaron-copland/about-this-collection/related-resources/,True
1635268063-600643,http://comparatio.irht.cnrs.fr,http://comparatio.irht.cnrs.fr/colophon,True
1635268063-594572,https://www.aakb.dk/english/emusikdk,https://www.aakb.dk/personoplysninger https://www.aakb.dk/taksonomi/tags/hjaelp https://www.aakb.dk/was.digst.dk/aakb-dk,True
1635268063-602355,http://www.augmentednotes.com/,,False
1635268063-583206,http://cpebach.org/,http://cpebach.org/description.html http://cpebach.org/organization.html http://cpebach.org/additional-resources.html,True
1635268063-586406,http://popmusic.mtsu.edu/ManuscriptMusic/,http://popmusic.mtsu.edu/ManuscriptMusic/guidelines.aspx http://popmusic.mtsu.edu/ManuscriptMusic/citation-guidelines.aspx http://popmusic.mtsu.edu/ManuscriptMusic/reproduction.aspx,True
1635268063-587074,https://repository.duke.edu/dc/quartets,https://library.duke.edu/using/policies/repository-accessibility https://library.duke.edu/using/policies/dmca-takedown https://library.duke.edu/about/privacy,True
1635268063-588199,http://www.bilbao.eus/cs/Satellite/juanCrisostomoArriaga/Digitalized-scores/en/100158214/Listado_Partitura,http://www.bilbao.eus/cs/Satellite/bibliotecasMunicipales/Home/es/100049470/Home,True
1664532167-6878502,https://www.youtube.com/watch?v=PG58_yhrX-0,https://www.youtube.com/t/privacy,True
1639037748-4481337,https://aaamc.indiana.edu/,https://aaamc.indiana.edu/whats-going-on/aaamc-speaks/index.php https://aaamc.indiana.edu/about/index.php https://aaamc.indiana.edu/giving-to-the-aaamc/index.php,True
1645706080-3971267,http://davidtemperley.com/kp-stats/,http://davidtemperley.com/terms/,True
1635268063-595624,https://midi-ld.github.io/,https://github.com/midi-ld/documentation/issues https://github.com/midi-ld/ http://midi-ld.amp.ops.labs.vu.nl/,True
1645707817-4686248,https://database.elvisproject.ca/,http://www.mcgill.ca/music/,True
1635268063-60109,http://www.tassomusic.org,http://www.tassomusic.org/about/policies https://www.tassomusic.org/about/technical,True
1635268063-578714,http://drm.ccarh.org/,http://adam.ccarh.org http://eve.ccarh.org,True
1635268063-594048,https://www.collectionscanada.gc.ca/gramophone/028011-120-e.html,https://www.bac-lac.gc.ca/eng/Pages/terms-and-conditions.aspx https://www.bac-lac.gc.ca/eng/discover/films-videos-sound-recordings/virtual-gramophone/Pages/rss.aspx https://www.bac-lac.gc.ca/eng/discover/films-videos-sound-recordings/virtual-gramophone/Pages/educational.aspx,True
1635268063-586551,http://lcweb2.loc.gov/diglib/ihas/html/balletsrusses/balletsrusses-home.html,https://www.loc.gov/collections/ballets-russes-de-serge-diaghilev/about-this-collection/rights-and-access/ https://www.loc.gov/collections/ballets-russes-de-serge-diaghilev/about-this-collection/related-resources/ https://www.loc.gov/collections/ballets-russes-de-serge-diaghilev/about-this-collection/,True
1635268063-595552,http://cantusindex.org/,http://cantus.uwaterloo.ca http://pemdatabase.eu/ http://cantus.sk,True
1635268063-581575,https://linkedjazz.org/,https://linkedjazz.org/ https://linkedjazz.org/about-the-project/ https://semlab.io/projects/#linked-jazz,True
1635268063-588935,http://libraries.mit.edu/music/sheetmusic/index.html,https://libraries.mit.edu/privacy https://libraries.mit.edu/permissions https://libraries.mit.edu/accessibility,True
1635268063-590881,http://bergenbibliotek.no/digitale-samlinger/grieg/english,,False
